id,name,city,video,video_url,time_of_day,start_time,end_time,region_code,channel_name,channel_url,published_at,country_code
AcmcXLihbTQ,New York ain&#39;t normal 😳,New York,AcmcXLihbTQ,https://www.youtube.com/watch?v=AcmcXLihbTQ,unknown,0:00,0:00:19,US,Olima Omega,https://www.youtube.com/channel/UCMUPnskZXMPBwXjw6r2govA,2023-05-12T11:00:13Z,US
CnKRO4noQiQ,Crossing the street in #NYC pedestrian zone crossing. #wait #Newyork #Safety #usa,New York,CnKRO4noQiQ,https://www.youtube.com/watch?v=CnKRO4noQiQ,unknown,0:00,0:00:10,US,Tutti and More,https://www.youtube.com/channel/UCLSakeY1-GKdA1r9O_oprNQ,2023-07-04T10:50:37Z,US
XhETnrHtcOQ,Getting Yelled at by a Crosswalk,New York,XhETnrHtcOQ,https://www.youtube.com/watch?v=XhETnrHtcOQ,unknown,0:00,0:00:09,US,Daily Dose Of Internet,https://www.youtube.com/channel/UCdC0An4ZPNr_YiFiYoVbwaw,2023-05-03T15:48:40Z,US
WggrDrnRwuc,The video that started it all. Walking in NYC ❤️💕✨ #nyc #timessquare,New York,WggrDrnRwuc,https://www.youtube.com/watch?v=WggrDrnRwuc,unknown,0:00,0:00:11,US,Haley Kalil,https://www.youtube.com/channel/UCKX8qlNu2v4m0bCkhd7jicA,2022-12-13T03:30:33Z,US
m_wznfPqd0I,6 1/2 Avenue: The Pedestrian Only Ave in NYC #nyc #didyouknow #nychistory #funfacts #exploreny #fyi,New York,m_wznfPqd0I,https://www.youtube.com/watch?v=m_wznfPqd0I,unknown,0:00,0:01:28,US,Norberto Briceño,https://www.youtube.com/channel/UCkpqYp3qO3HPLWXYGySjTVQ,2025-09-24T17:23:42Z,US
40w8Cy2RqFs,Walking in New York City,New York,40w8Cy2RqFs,https://www.youtube.com/watch?v=40w8Cy2RqFs,unknown,0:00,0:00:11,US,Waqar Hussain,https://www.youtube.com/channel/UCy9PWXH4MrV77yBKVxulRvA,2024-10-16T10:00:08Z,US
pnVAm2YhJLg,Japan&#39;s Shibuya Crossing may be the busiest pedestrian crossing in the world,Tokyo,pnVAm2YhJLg,https://www.youtube.com/watch?v=pnVAm2YhJLg,unknown,0:00,0:03:13,JP,WTHR,https://www.youtube.com/channel/UCSFLs1nwzqSC3Tq6cXhJkLg,2021-02-24T04:25:36Z,JP
GuYrT1OGJyc,Girl Walks Through Tokyo&#39;s Famous Shibuya Crossing In Japan,Tokyo,GuYrT1OGJyc,https://www.youtube.com/watch?v=GuYrT1OGJyc,unknown,0:00,0:00:23,JP,Top Trends,https://www.youtube.com/channel/UC51I0xm0a81Y65XXAQwmw1w,2025-07-13T16:47:06Z,JP
u9NmexE4quU,Shibuya scramble crossing #tokyo #pedestrian #travel #japan #shibuya #shibuyascramble,Tokyo,u9NmexE4quU,https://www.youtube.com/watch?v=u9NmexE4quU,unknown,0:00,0:00:21,JP,Walking Nomad PH,https://www.youtube.com/channel/UCJd-rdXkNfyQQD2hLaVF6wA,2023-05-30T00:26:51Z,JP
MEpT2FHPTlg,Proper crossing of the road in Japan 🚶 #shorts,Tokyo,MEpT2FHPTlg,https://www.youtube.com/watch?v=MEpT2FHPTlg,unknown,0:00,0:00:19,JP,TheLoop,https://www.youtube.com/channel/UChcd5i0Ouc81GUeG2ZAWUtQ,2024-05-16T16:09:38Z,JP
1qgnQnF7hGI,How to Get the Perfect Picture at Shibuya Crosswalk in Japan🇯🇵,Tokyo,1qgnQnF7hGI,https://www.youtube.com/watch?v=1qgnQnF7hGI,unknown,0:00,0:00:18,JP,Crashies,https://www.youtube.com/channel/UCoDkoUWux62ADy5dZD8f3cw,2025-08-21T20:24:13Z,JP
0hc2o5oleOI,The 3-Second Photo Challenge at Shibuya Crossing 😮,Tokyo,0hc2o5oleOI,https://www.youtube.com/watch?v=0hc2o5oleOI,unknown,0:00,0:00:14,JP,WorldBeAmazed,https://www.youtube.com/channel/UCt1graZqToRuMjrLLOWBk0A,2025-05-10T18:04:54Z,JP
obsNhiqsuJ4,How does a blind girl cross the road in the UK?,Paris,obsNhiqsuJ4,https://www.youtube.com/watch?v=obsNhiqsuJ4,unknown,0:00,0:00:34,FR,Blind Girl Adventures,https://www.youtube.com/channel/UCAuBlhWlMaW9sXGIwphU33Q,2023-10-30T19:00:24Z,FR
gPmz8HzHel8,🚦 Crossroads traffic lights pedestrians,Paris,gPmz8HzHel8,https://www.youtube.com/watch?v=gPmz8HzHel8,unknown,0:00,0:00:17,FR,KOZHAN LIVE,https://www.youtube.com/channel/UC9qddZ9bUaqqGLCRzkkw4zA,2023-03-16T16:00:33Z,FR
6k9S5g9MlUM,It was so nice to see the kids crossing the street from school like this. #paris,Paris,6k9S5g9MlUM,https://www.youtube.com/watch?v=6k9S5g9MlUM,unknown,0:00,0:00:27,FR,Jaber 96 BD,https://www.youtube.com/channel/UCStYbLJ8I9vW7YJPkGj_6FA,2025-09-22T18:06:37Z,FR
FmBLmES6B4w,Paris Street crossing,Paris,FmBLmES6B4w,https://www.youtube.com/watch?v=FmBLmES6B4w,unknown,0:00,0:00:07,FR,Austin Durrett,https://www.youtube.com/channel/UCdnUGmzZ0lcEDRpnBw8MOxQ,2022-06-08T17:33:46Z,FR
UElofxU8Nvo,5 Best Pedestrian Streets in Paris for Restaurants &amp; Shopping,Paris,UElofxU8Nvo,https://www.youtube.com/watch?v=UElofxU8Nvo,unknown,0:00,0:07:18,FR,Les Frenchies,https://www.youtube.com/channel/UC5m1fPLNTZCgLjIzO5iy-Ng,2022-04-09T11:00:11Z,FR
daTFWy8riwM,How To Cross The Street in Paris,Paris,daTFWy8riwM,https://www.youtube.com/watch?v=daTFWy8riwM,unknown,0:00,0:00:09,FR,Lance Sanchez,https://www.youtube.com/channel/UCE2ULhenw9QsmHkB8ZQ-8xw,2024-09-07T16:00:30Z,FR
-QggDcfcwXo,A road crossing in #berlin near a tram stop #travel | Day in the life of Berlin,Berlin,-QggDcfcwXo,https://www.youtube.com/watch?v=-QggDcfcwXo,unknown,0:00,0:00:07,DE,Vedraj r.m,https://www.youtube.com/channel/UCfdMccWXjXKdxOGAgZTmvWQ,2023-06-17T19:53:12Z,DE
xNCeG8sO-bQ,Why did the German cross the road?,Berlin,xNCeG8sO-bQ,https://www.youtube.com/watch?v=xNCeG8sO-bQ,unknown,0:00,0:00:37,DE,liamcarps,https://www.youtube.com/channel/UCIOfoptCwOUiE-hnjrhl21Q,2023-11-05T14:15:17Z,DE
BRv1nKVWACE,Cross Walk in Berlin #subscribe #follow #amazing #travel #youtubeshorts #youtuber,Berlin,BRv1nKVWACE,https://www.youtube.com/watch?v=BRv1nKVWACE,unknown,0:00,0:00:04,DE,Mark Guillette,https://www.youtube.com/channel/UCD7ltvmkRUnntk6vI6eSCyw,2024-05-21T18:00:14Z,DE
ORPGr4m2-Sw,🚦Pedestrian traffic light SOUNDS around the world 🚦#SFX,Berlin,ORPGr4m2-Sw,https://www.youtube.com/watch?v=ORPGr4m2-Sw,unknown,0:00,0:11:50,DE,WinExp,https://www.youtube.com/channel/UCyj8qZ4TnT_zVeKDjnEbnTQ,2024-07-26T16:00:30Z,DE
NU-01L-4VYw,"Berlin, Germany - Ampelmann Pedestrian Crossing Traffic Light beep sound.",Berlin,NU-01L-4VYw,https://www.youtube.com/watch?v=NU-01L-4VYw,unknown,0:00,0:00:09,DE,Davi Costa,https://www.youtube.com/channel/UCmdyb9rsBgwVGUUiQgJI2Aw,2021-02-05T18:06:07Z,DE
ILntrwaOMxE,Berlin mauerpark Street crossing,Berlin,ILntrwaOMxE,https://www.youtube.com/watch?v=ILntrwaOMxE,unknown,0:00,0:00:21,DE,Vedraj r.m,https://www.youtube.com/channel/UCfdMccWXjXKdxOGAgZTmvWQ,2022-10-17T16:51:25Z,DE
71jYBqP8RlA,Foreigners VS Indians in Mumbai Traffic 😂,Mumbai,71jYBqP8RlA,https://www.youtube.com/watch?v=71jYBqP8RlA,unknown,0:00,0:00:22,IN,2 Foreigners In Bollywood,https://www.youtube.com/channel/UCnuen5DBNNREHhvC-VY296Q,2025-04-23T09:06:02Z,IN
V6jYzC3bHU0,How to Cross the Road in Vietnam🚶 (@two_peas_abroad),Mumbai,V6jYzC3bHU0,https://www.youtube.com/watch?v=V6jYzC3bHU0,unknown,0:00,0:00:18,IN,FitFix ,https://www.youtube.com/channel/UC3NJVkGUkPwvWwWpQG-67Ag,2025-02-17T20:00:31Z,IN
Rq4ga0udVQE,Amazing Chaotic order on the road | crossing the road | traffic disorder at maximum #femtophysiker,Mumbai,Rq4ga0udVQE,https://www.youtube.com/watch?v=Rq4ga0udVQE,unknown,0:00,0:00:09,IN,Femtophysiker,https://www.youtube.com/channel/UCPWbvgVLGcxKAwDiXnLpmZA,2022-05-14T09:34:46Z,IN
hm8yVZF-LHY,"How to cross the street in Mumbai, India",Mumbai,hm8yVZF-LHY,https://www.youtube.com/watch?v=hm8yVZF-LHY,unknown,0:00,0:00:42,IN,screamphilling,https://www.youtube.com/channel/UC61tWyhtuur2vMd7YPRJvTg,2020-12-06T04:00:10Z,IN
mJZldCMZhyA,Secret Street Crossing HACK,Mumbai,mJZldCMZhyA,https://www.youtube.com/watch?v=mJZldCMZhyA,unknown,0:00,0:00:34,IN,Mark Rober,https://www.youtube.com/channel/UCY1kMZp36IQSyNx_9h4mpCg,2025-08-18T16:05:24Z,IN
DaXLckFQCK0,How do we cross the road in India 🇮🇳,Mumbai,DaXLckFQCK0,https://www.youtube.com/watch?v=DaXLckFQCK0,unknown,0:00,0:00:19,IN,YOSUKE TAKADA,https://www.youtube.com/channel/UCFkUg9bi8ejgiG7t5bN-lmg,2023-02-18T18:02:08Z,IN
